title,description,author,channel_id,views,rating,length,captions,metadata
"Dear Hannah, Look!I was going to take. you on a shoppingbut I was arA Celebrityand forgot that",,Enjoylifewithme,UCpN2_4s77RtHQbE-arnTW5A,2946703,,5,,[]
ğŸ˜—âœŒï¸#sofimanassyan #relatable #crush,,Sofi Manassyan,UCZFBnnCCO65xMXOdtFz8CfA,21400923,,7,,[]
What would you do?,,Giga doge,UC-kseLVCHuNYYMlCHxLXiFA,11704348,,6,,[]
ğŸ’” #cat #cats,,Sonyakisa8 TT,UCS56r87Y7q1SrAB-42brE-w,373424721,,15,,[]
Cold War Patriots 30 sec spot,,Cold War Patriots,UCo4HOwfiIxRzIG1ySxtI9cg,1691469,,30,,[]
"Dear Hannah, Look!I was going to take. you on a shoppingbut I was arA Celebrityand forgot that",,Enjoylifewithme,UCpN2_4s77RtHQbE-arnTW5A,2947683,,5,,[]
ğŸ˜—âœŒï¸#sofimanassyan #relatable #crush,,Sofi Manassyan,UCZFBnnCCO65xMXOdtFz8CfA,21424276,,7,,[]
when you're angry ğŸ˜¡ @nevaaada @Infamous_wu13 #danilisboom,,DANILIS BOOM,UCA_hMP04_bvACKPMbMe46-A,1407055,,6,,[]
"Nissan Pack 6 under $30,000",,Nissan USA,UCMZh9kMjQ6Yc_JuCNIp1UDw,101361,,15,,[]
ì¤‘ë ¥ì´ ì‚¬ë¼ì§„ ì„¸ìƒ ğŸ˜± No Gravity ğŸ˜²,,íŒŒì¿ ë¥´ ì„ ìˆ˜ ê¹€ì£¼ì„±,UCetTS7bXKRDdNOhF08gkf-Q,10783772,,9,,[]
How is this POSSIBLE?! ğŸ‘€ğŸ¤¯ğŸ˜± #shorts  | Amalia Triple Charm,,Amalia Triple Charm,UCggVDTvzkn0uJEz36yIrDmQ,4824335,,6,,[]
"How to make food fun of DAD, when he has RESISTANCE +1000?ğŸ˜­â¤ï¸ğŸ¥ª| CHEFKOUDY",,chefkoudy,UCDQ2HViwQh37NhOENDRsWKw,50116422,,8,,[]
VRC - Itinerary - Grand European Tour - :30 - 9x16 - Paid,,Viking,UCv4oqMvUvdGryifXJ18UWvw,864241,,30,,[]
ì¤‘ë ¥ì´ ì‚¬ë¼ì§„ ì„¸ìƒ ğŸ˜± No Gravity ğŸ˜²,,íŒŒì¿ ë¥´ ì„ ìˆ˜ ê¹€ì£¼ì„±,UCetTS7bXKRDdNOhF08gkf-Q,10787906,,9,,[]
when you're angry ğŸ˜¡ @nevaaada @Infamous_wu13 #danilisboom,,DANILIS BOOM,UCA_hMP04_bvACKPMbMe46-A,1407509,,6,,[]
Inside Out 2 - Joy and Sadness Jumping over Open Bridge in Bollards #shorts #insideout #insideout2,,OnFire BeamNG,UC1InneBc9dXLZD9t8Lq_7cA,14373995,,17,,[]
got u,,Captain Cuber,UCo5DLltLZGE5NbkEbu_sgBg,28119066,,11,,[]
Oops AI failed this time ğŸ˜‚|| 2M views|| Watashi wa starğŸŒŸ(Mamushi) @megantheestallion  @isabellaafro,,Celeb AI,UCNJe-zQL46wiRY0cBLjMlng,2047679,,12,,[]
Kamala Harris vs Joe Biden ğŸ˜‚ #TheManniiShow.com/series,,The Mannii Show,UC3iwxKMRg5l2aDG_8XK2nSQ,3025350,,7,,[]
He the new Chef CookğŸ‘¨ğŸ¼â€ğŸ³ğŸ¤ğŸ½,,Nikolai Savic,UCfqF7PyY0V2FaQTb-nt_W4A,44451614,,9,,[]
Necesito buscarme otro hobby ğŸ¬ğŸ¥µ,,San Pito Pato,UC4gVyi0hEAdqzW7cp2DAQOg,536107461,,8,,[]
EM 10004 Video NA RunEscape GunShot rolldoorV2 Nor TYDW F NA EN PC B,,Evony,UCASSvfMYkmGM9jFNamBZPFg,149523,,37,,[]
ĞšĞ¾Ğ³Ğ´Ğ° Ğ¿Ğ°Ğ¿Ğ° Ñ„Ğ¾ĞºÑƒÑĞ½Ğ¸ĞºğŸ¤£,,Garri_Vanui,UCwBaOagNEI-AYkDEWqwpzIg,72494005,,11,,[]
Awesome scene face reaction ğŸ˜± #cdramaclip #kdrama #shortvideo #chinesedrama #cdramaovers #torghar ï¿¼,,TOR GHAR,UC1ldNaRUJ_lLebD9x0oPTvg,6945626,,15,,"[{""Suggested by WMG"": ""David Guetta & OneRepublic - I Don't Wanna Wait (Official Video)""}]"
Let's Race ğŸ’›ğŸï¸ğŸ¥€#race#racelover #ktmlover#dukelover#uk07rider#trending #top#status#viral#shorts#ktm,,M50 REDOX,UCB0XeIQhS8GrUA_LrzyyOEw,62027292,,8,,[]
Life as a KiD ğŸ’€ #TheManniiShow.com/series,,The Mannii Show,UC3iwxKMRg5l2aDG_8XK2nSQ,10304836,,10,,[]
è‹±è¯­,,Postfunny,UCLc04aPkEt3IfEoDf-5JPmw,118098,,15,,[]
Illusionary Piece by Leandro Erlich #art #illusionart,,Tentoon Art,UCg_cNgKIgo-fbbvP_YfAA1Q,36933456,,8,,[]
ğŸ˜—âœŒï¸#sofimanassyan #relatable #crush,,Sofi Manassyan,UCZFBnnCCO65xMXOdtFz8CfA,28627527,,7,,[]
BYE BYE BLAKELEY,,The Churco Family,UCWY0kGk9qNfw7PVvace0MOA,29106379,,9,,[]
NO WAY ğŸ¤£ #Shorts,,mmmjoemele,UClAa0YLrW4MaIKOWaeZR9Xg,7940545,,14,,[]
WT Alpha Strike 30 VO LT BONUS EN,,War Thunder,UCZo-2yf3Pbda9e2ZH4Ollsg,1656170,,30,,[]
when you're angry ğŸ˜¡ @nevaaada @Infamous_wu13 #danilisboom,,DANILIS BOOM,UCA_hMP04_bvACKPMbMe46-A,2311981,,6,,[]
Papa,,Arkhipoff Show,UCwJ8pZWSMvTNhJv0uokoDQA,28804402,,7,,[]
THEY THOUGHT OF ABSOLUTELY EVERYTHINGğŸ¤¯ğŸ˜®â€ğŸ’¨ğŸ˜ #reels,,MyWhome,UC6-Uqwa5G8jWHor6E6NmYqA,40980053,,13,,[]
Do we all have universal parents?ğŸ˜­ #sofimanassyan #funny #family,,Sofi Manassyan,UCZFBnnCCO65xMXOdtFz8CfA,13109642,,7,,[]
Which celebrity is your birthday twin? #fyp #celebrity #birthday,,Buzzfunia,UCSQjHN6IBf81Y3tTyBeKaog,3105087,,12,,[]
Another one is so relaxing ğŸ˜ŒğŸ¶ #raindrum #instrument #garden #home,,Yard Rhythm,UCFacdYMaD3U3tu0ldofwRrg,49867288,,10,,[]
Evolution of Toothpaste !?,,Dental Digest,UC7u9o8BHiJyH2_cef_nC7tQ,54426347,,13,,[]
This Fit Cost Me $100k,,Nolan,UCv1u20pr8U-U85PGLpKxNKw,30784384,,9,,[]
Are You Angel or Devil? #angle  #devil  #fypyoutube #rare  #youtubeshorts,,Quizfoto,UCfb63EQVdNtJ0ZCSi0sprJQ,2268792,,17,,[]
"Dear Hannah, Look!I was going to take. you on a shoppingbut I was arA Celebrityand forgot that",,Enjoylifewithme,UCpN2_4s77RtHQbE-arnTW5A,3482962,,5,,[]
Ainâ€™t no wayğŸ˜­ #shorts #fortnite,,Vflus,UCjxJCfrpA_Mv-In6p42SvQw,955303,,5,,[]
Bro is ğŸ’€ #trollface,,Last Warning,UCJDcdX8QYXFylte-eSgFNFw,8228080,,5,,[]
BROS BE VIBING ğŸ˜‚ğŸ˜­ #shorts,,Bosnov,UClsCiiIZBhab0eeiPFOZQtg,83283012,,13,,[]
Squint Your Eyes And See Him!,,Playerlifedoc,UC3EXXbvPB4RKBZr3_A-s3ew,1719652,,5,,[]
"BMW VS AUDÄ° #BMWvsAudi, #CarComparison, #BMWReview, #AudiReview, #LuxuryCars",,Car Madness,UCEW--unN5JjyRXYPbVrT7iw,8816635,,8,,[]
ğŸ’ â€” listening to music rn!! â˜ºï¸ğŸ’“ â€¢ #lanatuscr #blowthisup #fyp #viral #charlidamelio,,mia ! ğŸ’,UCW1HXng4da9dZ9edmOVPUQQ,414433,,5,,[]
Because it gets too smooth ğŸ‘¨ğŸ¼â€ğŸ³ğŸ”¥,,Nikolai Savic,UCfqF7PyY0V2FaQTb-nt_W4A,2050138,,10,,[]
Bro unlocked aquaman powers.. â˜ ï¸ #shorts,,ZenFlare_Editz,UCw3LhXtjxyBv1Gz6KdaYRfw,6760731,,10,,[]
WOULD YOU DO THIS IN FRONT OF YOUR FRIENDS???,,Amp World,UCDP7DZOgj8VTyhyVNup83QQ,46578978,,8,,[]
0.01% Hackers Can Do All ğŸ¤ªğŸ¤ªğŸ¤£ğŸ¤£ #football #topfootballplayers #shorts #ney #neymar #ronaldo #messi,,Footballazar,UCHKBFwEDR3YO-N9Hvw-0pKQ,2694577,,6,,[]
She thought I was cheatingğŸ˜³ğŸ˜‚ @isabellaafro #couple #travel #dance #africa #trending #shorts,,Jaymondy,UCQFw803mpk_UHcgIdf1wcOA,5260370,,7,,[]
Are You Angel or Devil? #angle  #devil  #fypyoutube #rare  #youtubeshorts,,Quizfoto,UCfb63EQVdNtJ0ZCSi0sprJQ,2268792,,17,,[]
Boing boing in the lecture hall at USC,,Nathan Kessel,UCHr43HOeO7WHmwQ_sij6ezQ,156153021,,10,,[]
Pov: you just realized,,FactPlugs,UC2zHFwbLfQvN_oViNCmM_8A,8403666,,7,,[]
everyone better blow this up and sub #subscribe #relatable #quotes #trend #shorts,,theylove.ben2024,UCKzVANQObuNxK8LuhQAy6Bw,940367,,5,,[]
Which are you? ğŸ˜³ #shorts,,bananyar ğŸŒ,UCsjI5NNJpIGXcIfO-wODpLA,384055,,5,,[]
eenie meenie miney.. MO ğŸ˜ˆ,,vanilbean,UC7HXQHCI183Oivq-aqbURNg,2922908,,6,,[]
How to make the best CHOCOLATE snack for mom? English or spanishğŸ˜â¤ï¸ğŸ«| CHEFKOUDY,,chefkoudy,UCDQ2HViwQh37NhOENDRsWKw,1777639,,8,,[]
It's not just a RC Plane Crash...,,AYT Productions,UCCoeKOeyW0eXsPBP4pakpZw,36937901,,15,,"[{""Suggested by SME"": ""Tom Odell - Another Love (Official Video)""}]"
Goose in the Macaroni,,FuffyFerrets,UC878tWl_3aft09zTNisPfig,225595013,,7,,[]
barisresmi yeni slowmo videosu #slowmo #slowmotion #shortsvideo,,baris resmii,UCB8-ek-zMzAqtT8kXIxHvPA,76148509,,13,,[]
I FOUND MY BROTHER ON OMEGLEğŸ˜¦,,Borzah,UC4aNrJsAGP-uTi2pSm63-SA,218001267,,11,,[]
Just some fun basketball photos! #basketball #sportsphotographer,,Jaison Sterling,UCENztHCRuf3_ZPweYOJ9vrw,28414981,,15,,[]
Day in the Life As a Kid #TheManniiShow.com/series,,The Mannii Show,UC3iwxKMRg5l2aDG_8XK2nSQ,3556680,,14,,"[{""Suggested by SME"": ""Britney Spears - Oops!...I Did It Again (Official HD Video)""}]"
Design your own Roblox clothes #robloxskin #robloxclothing,,APKZONIC,UCuStEKK_EnP7APtKXUxsh-A,808128,,19,,[]
Drake skin is CRAZY ğŸ˜­ #sidiousfn #fortnite #fortnitememes,,SidiousFN,UCB3FKRmH-vpWtk-BnY0-ELg,2461821,,8,,[]
"Lucky me, I didnâ€™t buy the scam",,GertiEinar,UCXKGJvcopRXJmCAchgZWVJw,435818614,,20,,[]
pov: me trying to use my phone in the middle of the night,,liam miller,UCWGtLkqqndu7q_SyM1X23FA,1009377,,7,,[]
Nah thatâ€™s impossible ğŸ˜¬ #shorts,,ieatgrass,UCoheeJ3qoRkMO9CMigF17Bg,192577,,7,,[]
Who has the best SIDE EYE? ğŸ‘€ğŸ¤”ğŸ¤£ | Triple Charm #Shorts,,Triple Charm,UCVVMMNVUwHbxljqi-xZ-jig,454866,,7,,[]
O ÎœÎ Î‘ÎœÎ Î‘Î£ Î Î—Î¡Î• Î¤ÎŸ ÎšÎ™ÎÎ—Î¤ÎŸ Î•Î™Î Î• Î’Î¡Î•Î£ ÎšÎ‘Î¤Î™ ÎÎ‘ ÎšÎ‘ÎÎ•Î™Î£ / DAD TOOK MY PHONE AND SÎ‘ID FIND SOMETHING TO DO,,ARTEMI STAR,UCS1nKAcuFiw4BQVrp93JdAA,81944414,,7,,[]
Nobody say dog,,Freakybob,UCSY2iUvE8c3VNebRj5tYN0A,633524,,6,,[]
LMFAO I'M CRYING,,epicfunnymeme,UCTLsOSR23QGhUnCrh9Pl2Fg,364979,,6,,[]
Haha delulu to the next level ğŸ˜‚ #fyp #funny #relatable #delulu #boyfriend #alaska #vlog #viral,,JUSTJULESğŸ’–,UCHLBKw7-dpAPAXXK2yA-bCA,423078,,11,,[]
When this happens be like ğŸ’€ @ReaperKeigh,,ibekeigh,UCYs2DbQVHdpToAu-ZrMoKBg,2524265,,11,,[]
lol.,,Speed McQueen,UCNFT_eq_QCApMEwCACHto9Q,26133249,,11,,[]
Will You Put Your Finger On Your Nose For Jesus...ğŸ¤¯ğŸ‘ƒğŸ¼ #Shorts #Jesus #JesusChrist #Faith #God #fypã‚·,,Katlin Sias,UCj1HiqkkyWGdffuyjeitm8Q,606907,,13,,[]
ÙÙŠØ¯ÙŠÙˆ Ø³Ù„ÙˆÙ…Ùˆ Ø¨Ø§Ø±ÙŠØ´ Ø¯Ø§Ø¯Ø§ barisresmi slowmo videosu,,baris resmii,UCB8-ek-zMzAqtT8kXIxHvPA,4315053,,25,,[]
EM 10004 Video NA RunEscape GunShot rolldoorV2 Nor TYDW F NA EN PC B,,Evony,UCASSvfMYkmGM9jFNamBZPFg,149780,,37,,[]
ğŸ’ â€” just came back from the beach! ğŸ˜ğŸ˜‹ â€¢ #lanatuscr #blowthisup #fyp #viral #charlidamelio,,mia ! ğŸ’,UCW1HXng4da9dZ9edmOVPUQQ,347986,,5,,[]
Be kind,,S1_funny,UCv81ohRFERIUZUpAae0sIgA,84434355,,60,,[]
Minecraft Unexpected Moment,,Clementdav Runs,UCMOraEnN2MidGUZSFanAQdQ,2034705,,9,,[]
Girls iPhone caseğŸ«£ #shorts,,Vflus,UCjxJCfrpA_Mv-In6p42SvQw,130003,,7,,[]
When thereâ€™s a Random baby sleeping in my bed at family gathering,,Brydell Cocky,UCQmTLrY62uNtYfshASUHyIA,3635556,,9,,[]
Best word in the English language,,FootDocDana,UCPc9yOXlAFXcLILa104ZEKA,15492564,,9,,[]
Simone Biles liked this video ğŸ¤¯,,The Rybka Twins,UC-TFz4MD1ZzcY6NuZAP3Ndw,587382,,6,,"[{""Suggested by SME"": ""G-Eazy x Carnage - Guala ft. THIRTYRACK""}]"
Saving a child ğŸ’€.     @Onevilage,,Speed McQueen,UCNFT_eq_QCApMEwCACHto9Q,1205120,,17,,[]
When China has this many cats,,Notamenace,UCgEefBNiBS_EzubeOf8AJuQ,1876732,,12,,[]
#fyp #trending #video #viral,,banofact,UCRHew2iOZjWheIZgJUTzu0w,435587,,7,,[]
Bro was so fast that even sonic got scared. #caseoh #robloxcaseoh #robloxsonic #robloxfunny #meme,,OldMarioDev,UCcpn10okwjGKCdp_h0ZiE4g,12599164,,19,,[]
When octopus have weird blood,,Notamenace,UCgEefBNiBS_EzubeOf8AJuQ,94357,,14,,[]
EchoPark Q2 2024 St. Louis,,EchoPark Automotive,UC1-fdXA6meDcFbiPGEavb0w,158264,,33,,[]
Haters will say itâ€™s fake #shorts #pomeranian,,Mocha Pom,UCXTImOeex-KW2pjiCV7nIeg,91390754,,13,,[]
"1, 2, 3, 4, 5, 6, 7, 8, 9 or 10?ğŸ¤”âš½ï¸",,Martijn Debbaut,UCTk4kNVjvMybkq2qUIS1LsQ,1633444,,7,,[]
sorry if I did it wrong :( COVID-19,,Ma.elisha Benavidez,UC_aqTSa-DzEcidKnDnGA7sg,18149,,5,,[]
Normal people turning off lights ğŸ’€ @ReaperKeigh,,ibekeigh,UCYs2DbQVHdpToAu-ZrMoKBg,901298,,8,,[]
Hehe whoops ğŸ˜…ğŸ˜¬âœˆï¸ #fypã‚·ã‚š #travel #airport #airplane #trend #summer #money #funny #viral,,JUSTJULESğŸ’–,UCHLBKw7-dpAPAXXK2yA-bCA,223918,,6,,[]
ğŸ¤- What do you want to stop?âœ¨ Have a nice day!ğŸ’—ğŸ“#youtube #viral #shorts #foryoupage,,ğŸ€â€¢haniiâ€¢ğŸ€,UCAwTthmAJarcggTi0rah_1g,873474,,6,,[]
Letâ€™s see ğŸ‘€ğŸ˜… (SUB TO {@tr3ywavy } FOR MORE!) #shorts #tr3ywavy #treywavy ğŸŒŠ,,Trey Wavy,UC3dW9ndkGZACnYVW6AJ9x3w,1564584,,6,,[]
jesus and the devil #jesus #devil #jesuslovesyou,,Nazar family,UCQT1rwXSGDsMb1_iI5_W4Pg,114773516,,6,,[]
He hears our prayersâ€¦ #truth #prayer #weird #god #memes,,R3alism,UCzmomGc_ZMYM4ie89oeYIag,239440,,13,,[]
i cant bring myself to go back to school shopping bruh,,i,UCyZvr3E-yw5fOuxrkvHbXIA,377692,,8,,[]
WOMP WOMP ME!ğŸ¤œğŸ˜¢ğŸ¤›,,kirkiimad,UCiqkIF0F_6y6psq0ullRYdQ,8485220,,10,,[]
Red bull gives you wingsâ˜ ï¸,,GNAN EDITZ,UCnmdn-2zNJyJe8ymRt79wNw,7414025,,15,,[]
Team boys or girls? ğŸ¤”,,Auvkaa,UC1vbCfncqFi7QDx7UIrkCsA,94587,,18,,[]
21 year old 1st drink #funny #comedy #drink #drinks #shorts #youtube,,Tyler Boone,UCnDONfQl7FK6hNQ3K6SZZ3Q,4549280,,7,,[]
Pick Your Cybertruck ğŸ”¥,,Lksquibbs,UCQT2Pn4I7GEN1l8CKT4PFsQ,187557,,14,,[]
Which one are you choosing ğŸ¤”?,,Adrenaline Addictz,UCAjAK4jP0ape5bQfLzyNlDw,5986380,,10,,[]
Bro giving out impossible challenges,,Lil Droptop w,UCvH6bfYhJ10tNDte3Jt-fkQ,219246,,6,,[]
Comedy Moments ğŸ˜‚ #2,,MaxianFootball,UC8yB1y8aHYXi72epl01GaDw,260506852,,35,,[]
You can't wash your eyes with,,Findaniceyou,UCIbRIUry8j0-f097qe7YcLQ,53372,,6,,[]
They be trippin ğŸ’€.,,Speed McQueen,UCNFT_eq_QCApMEwCACHto9Q,10045378,,19,,[]
Remember when:,,Ceo Celtic,UC7ZO2c0NhI5WXkjkJ9lcBrw,7255192,,7,,[]
When you're nonbeliever friend sees Jesus..,,Notamenace,UCgEefBNiBS_EzubeOf8AJuQ,1634253,,13,,[]
Mine's 27 What About Yours?!ğŸ¤” #shorts,,RbloxKen,UCnFJswVHxgumGb1Nitgs-LA,1085648,,10,,[]
When The Doctor Cuts The Wrong Cord ğŸ˜‚,,BeastyMan,UC4KNaxI_BPZM0exdYHnrY7Q,9442563,,19,,[]
ELITE Powerlifter ANATOLY Use FAKE WEIGHTS in GYM PRANK #anatoly #fitness #gym,,ANATOLY,UCwYQXYfPHTZKANHzBHdYo2w,34447601,,57,,[]
Chill Cop!? ğŸ‘€ğŸ¤ Via: @Bellakshoots,,SUBIEWOO,UCSMOpC9dm_F6ujg7CR6AanA,28877098,,11,,[]
#tiktok4u #subscribe @Kaykays_Subs,,Subb!i,UCOaZPVdbnnrVHOC3o3Us-KQ,3996505,,18,,[]
Cold War Patriots 30 sec spot,,Cold War Patriots,UCo4HOwfiIxRzIG1ySxtI9cg,1695631,,30,,[]
gold tu master#free fire short video#,,BG.gamer.99,UCdUaba36XQypzb19TbhZRVg,25877180,,19,,[]
Firefighters try to comfort domestic abusers protect women and children #shorts #viral #foryou,,FunnyClips,UCQV6PXtk-41S7qVxmUjBBoQ,5594496,,54,,[]
Whatâ€™s Faster: Drive Thru or Cooking?,,Jenny Hoyos,UC6YjT1TJaANveVGQ4vl1CIg,28414367,,55,,[]
Squint Your Eyes And See Him!,,Playerlifedoc,UC3EXXbvPB4RKBZr3_A-s3ew,1752962,,5,,[]
WT Alpha Strike 30 VO LT BONUS EN,,War Thunder,UCZo-2yf3Pbda9e2ZH4Ollsg,1657491,,30,,[]
The END was so EPIC!!! ğŸ˜± ft. @Patchubun @Shlomitheviolinist,,Alex Cham,UCZYe8Xg9eP8TMS1WVtB50Jg,20473007,,59,,[]
Utah mom has a baby,,Jane Williamson,UCu2X0reOWT4fYPX3voJ_bmA,6390992,,57,,[]
The comeback was crazy ğŸ‘ #gymnastics #gymnast #olympics #sports #olympic #ncaa #bars #sports,,Ian Gunther,UCU0dlKN6R16DL5KKWq62wNA,7511555,,60,,[]
EM 10004 Video NA RunEscape GunShot rolldoorV2 Nor TYDW F NA EN PC F,,Evony,UCASSvfMYkmGM9jFNamBZPFg,67014,,37,,[]
@mayahussein_ Makes Crispy Spice Shawarma ğŸ”¥,,Ali Tahinis,UCGDgepu0A8TzDlpECGSz6SQ,9395589,,55,,[]
Haha delulu to the next level ğŸ˜‚ #fyp #funny #relatable #delulu #boyfriend #alaska #vlog #viral,,JUSTJULESğŸ’–,UCHLBKw7-dpAPAXXK2yA-bCA,444369,,11,,[]
Sweet watermelon ğŸ‰ğŸ˜‹,,LizAlex Fam,UCa6HN_c4lBpVz7nlNFhRKQg,66167983,,14,,[]
"BMW VS AUDÄ° #BMWvsAudi, #CarComparison, #BMWReview, #AudiReview, #LuxuryCars",,Car Madness,UCEW--unN5JjyRXYPbVrT7iw,8909780,,8,,[]
Complete Vertical B2,,LeafFilter Gutter Protection,UCYnCoCb8hlrkXL9IVBYwoeQ,3546347,,15,,[]
$1000 Mask (@creafx) #shorts,,LittleMaple,UCIGSYiCK4ZVBbxyg-dkumsg,26579488,,15,,[]
Mike Tyson Chose the Wrong Sport,,Wisemind,UCqWz3yRAj-JbCFFCq0jms0Q,22438959,,23,,[]
The most EPIC Carol of the Bells FLASHMOB ğŸ¤¯ Everyone was shocked ğŸ˜±,,Julien Cohen,UC899MXB8_df7O5HzedKBzaA,66647888,,60,,[]
Caitlin Clark is too nice to be means to! #shorts #caitlinclark,,HangTime,UCdIFTflafikgEEUuKZia3jQ,6349710,,19,,[]
Minecraft Unexpected Moment,,Clementdav Runs,UCMOraEnN2MidGUZSFanAQdQ,2085185,,9,,[]
When she sends you 200 videos a day #wusworld,,Wuâ€™s World,UCfIYExumXjL-xQBZnydV9uw,1892695,,9,,[]
Nastya and SeanDoesMagic,,Nastya,UC65k85L-snOe2AaDxhLHVtQ,21349808,,15,,[]
The Secret To Cheap Car Insurance (Takes 1 Minute),,OTTO Insurance,UCLpu8tUqooCqvwyC2FgQraQ,10341012,,51,,[]
On the left doing his best not to laugh,,Julaas,UCNVyAUengCHQ3OJK6c2EtQQ,149781987,,7,,[]
DON'T GET HITğŸ¤¯,,Radial Flipz,UCYTUnloQFVB9fVTM7Nq2fPw,44685893,,8,,[]
ì´ˆë“±í•™ìƒ ìŠ¬ë¦­ë°± ê³ ìˆ˜ë“±ì¥^^#ì¶¤ì¶”ëŠ”ê³°ëŒ #ì¶¤ì¶”ëŠ”ê³°ëŒì˜ëœë¤ëŒ„ìŠ¤ #dance #randomdance #ëŒ„ìŠ¤ #ëœë¤ëŒ„ìŠ¤ #slickback #slickbackchallenge #ìŠ¬ë¦­ë°±,,ì¶¤ì¶”ëŠ”ê³°ëŒì˜ ëœë¤ëŒ„ìŠ¤,UCLb86cLe-V30XbnQ8g1L_2A,81614761,,19,,[]
Simoneâ€™s face of disappointment after landing the hardest vault in the world ğŸ˜­ #olympics #gymnast,,Ian Gunther,UCU0dlKN6R16DL5KKWq62wNA,3019221,,8,,[]
First time at the skatepark ğŸ˜…,,JMK Freeskates,UCV9ZlZRio60RjNFtbbYWnTA,347428544,,13,,[]
Will You Close Your Right Eye For Jesus...â‰ï¸ğŸ¤¯ğŸ¤¯ #shorts #Jesus #JesusChrist #Faith #fypã‚· #God,,Katlin Sias,UCj1HiqkkyWGdffuyjeitm8Q,3343163,,13,,[]
Make Your Day a Little Sweeter with These Macaroons! Macarons? #expressionmed #dexcomg6 #cgm,,ExpressionMed,UCnW6UIcHRmn1wq8Nh9Qmb8Q,103535729,,18,,[]
St. Louis Isnâ€™t the NicestğŸ˜‚,,Adrian Watts,UCWAuSzaVA8HZKLDTKAZAg1Q,129877,,43,,[]
Is the water green or yellow? ğŸ’›ğŸ’š,,The Candy Ken Show,UCzxn731KM8sfH_LS7-ekbTg,4334473,,18,,[]
Affordable Vertical C4,,Leaf Home Water Solutions,UCmkFZRmA8ohmKW_tudTGNXg,1411012,,22,,[]
She got Him good ğŸ”¥ğŸ’ª #shorts,,MaxPreps,UCX5qMbq8Y9h9TOdFhKUhkrw,40495698,,9,,[]
Busting Parents For Breaking Curfew,,SaucyTV,UCmDcSLZlJEEzGqqh_JDsYXA,7723172,,9,,[]
What Is the Fastest Animal?,,BradyYourTutor,UCj7bNvokLlzDPmTIRbS1wKw,28170902,,13,,[]
ĞšĞ°Ğº ÑĞ¾Ğ·Ğ´Ğ°ÑÑ‚ÑÑ ĞºÑ€ÑƒÑ‚Ñ‹Ğµ Ñ„Ğ¾Ñ‚Ğ¾ ğŸ“¸ Ğ‘Ğ°Ğ»ĞµÑ€Ğ¸Ğ½Ğ° Ğ² ĞºÑ€Ğ°ÑĞºĞµ,,Nika Ritshel,UCJON6IqtFBmH8N1tJaslbYg,30333001,,9,,[]
More then just a race #funny #memes #subscribe #race #shorts,,Qoolen,UCXmNaRDzl58xIsE0z1epBvw,36363421,,11,,[]
Pick Your Cybertruck ğŸ”¥,,Lksquibbs,UCQT2Pn4I7GEN1l8CKT4PFsQ,199086,,14,,[]
They be so real ğŸ˜­ #viral,,patrick,UC8DRcXTcwKr_MASDt8Z9wtw,58504,,6,,[]
I saw an opportunity and I took itâ€¦ ğŸ˜‚ğŸ˜‚ğŸ˜‚ #worldcup #ukvsusa #bfvsgf,,Alex Murphy,UC1Uuou8eo2G26rDh-QwM3gQ,178094753,,24,,[]
How Lottery Tickets Work,,Jay & Sharon,UCRVtlcqayOmyuLIDrT3ng1w,49391300,,14,,[]
PrimaFocus US V94 B8 1x1 VO1,,PrimaFocus,UCqKfnggWtOlWsGV9uoEb0hg,97267,,31,,[]
Which are you? ğŸ˜³ #shorts,,bananyar ğŸŒ,UCsjI5NNJpIGXcIfO-wODpLA,393971,,5,,[]
That's what we thought...ğŸ˜ ...ğŸ˜,,Jacopo Falleni,UChpimcSy9j3LvzkYOglfB3Q,105716907,,16,,[]
The whole student section knew what to do ğŸ˜ğŸ™Œ #shorts,,MaxPreps,UCX5qMbq8Y9h9TOdFhKUhkrw,12753951,,15,,[]
This Detective Outsmarts a Suspect,,Police Cams,UC1uHIFOkbxCtAG_OFQNA6JQ,16048608,,29,,[]
A HUMAN SPIN CYCLE #flagfootball #football #fyp,,Prolific Playmakers,UCAICAACPj8OMCJZifdOCPXQ,929171,,17,,[]
Womp womp karenğŸ’€ğŸ˜­,,Robo,UCuLjh33U_I-0VXN0mX77Mkg,20648311,,60,,[]
Bamboo Creations with 3 arrow #bamboo #Slingshots #DIY,,Bamboo Art,UC09yLJNAnvqmGDqJ-z7hZ4g,568506958,,14,,[]
WHO ARE YOU GONNA RESCUE??,,Playerlifedoc,UC3EXXbvPB4RKBZr3_A-s3ew,310216,,5,,[]
The 2024 Nissan Kicks,,Nissan USA,UCMZh9kMjQ6Yc_JuCNIp1UDw,89814,,15,,[]
This 10-year-old is insane,,Anna Cramling,UCOVfq3NNYjlYCz1iou69FwQ,106807185,,53,,[]
ğŸ’ â€” listening to music rn!! â˜ºï¸ğŸ’“ â€¢ #lanatuscr #blowthisup #fyp #viral #charlidamelio,,mia ! ğŸ’,UCW1HXng4da9dZ9edmOVPUQQ,428074,,5,,[]
My Boss Hates Overtime Part 5 ğŸ˜¡ğŸ˜¡ğŸ˜¡ #shorts,,Anton Fomenko,UCyU97yKDHCf4Jqj6ME_qLKA,102890255,,9,,[]
WHEN WILL BE YOUR PRIME?,,Joris,UCkCcaU2ScGiGUT5DFQy57sA,1524305,,20,,[]
Grandma going crazy with ios features,,Turkish Quandale Dingle,UCfLjYYpz1Aa_rbI6sfGMwsg,380397,,5,,[]
Because it gets too smooth ğŸ‘¨ğŸ¼â€ğŸ³ğŸ”¥,,Nikolai Savic,UCfqF7PyY0V2FaQTb-nt_W4A,2064276,,10,,[]
"Mientras tanto, los trabajadores en China",,Cadena PolÃ­tica MX,UCIpth8IESgjRynd1mpVwp8A,102678258,,15,,[]
21 year old 1st drink #funny #comedy #drink #drinks #shorts #youtube,,Tyler Boone,UCnDONfQl7FK6hNQ3K6SZZ3Q,4586317,,7,,[]
Blurry: 2024 College Ave Commercial (30 seconds),,Video ad upload channel for 851-111-2235,UCEgp3sabTHNSNXkvDRu2ykQ,2,,30,,[]
IShowSpeedğŸ¤© vs Ronaldo JrğŸ”¥ vs YamalğŸ˜ vs CelineğŸ˜,,FunnyFootballers,UCpSw3TjC9dlbsRoE5v9NWAw,3115167,,29,,[]
3D Chess Piece Design ğŸ¤¯,,DOD Stories,UCstSHxOsrY1jM2Va15fGcmQ,2857401,,28,,[]
When will be your prime? ğŸğŸ“ˆ #wealth #success #luxury #rich #fyp #mindset,,Wifi wealthmind,UC1Nhs_KVZx4iBxlqnpWBCAQ,26089,,14,,[]
Choose Car For Dad â¤ï¸ #supercar #sportcar #cars (part 6),,AmigoDelLoro,UCTI6yaTslYUD6wKnFHCtXtg,270375,,23,,[]
#starman #starmanmeme #superman #dc #superhero #superheroes #viral #tending #memes,,Luby,UCQMTCbUQTIYcmid3e4r5PEA,9052245,,31,,[]
Ainâ€™t no wayğŸ˜­ #shorts #fortnite,,Vflus,UCjxJCfrpA_Mv-In6p42SvQw,1026143,,5,,[]
I would never lose if I had this support ğŸ˜¤ğŸ”¥ #shorts,,HighlightHER,UCa5uTWYfsoVjeUOoP-c8Jkg,7320041,,21,,[]
Her Balance Is IMPRESSIVE!ğŸ¤¯,,Squat University,UCyPYQTT20IgzVw92LDvtClw,237629873,,11,,[]
The limit of BASE jumping,,Gio Masters,UCq0Z2huemihGsY9we1nh30w,74264236,,13,,[]
#bones #funnyvideo #grandma,,Tilley & Alpha Norris,UCFENW0z4bdjkDrz_ON74JxA,101425839,,13,,[]
Cops showed up on a call and didn't expect to see this... ğŸ˜¨ğŸ˜¥  #movie #series,,MovieTime,UCqT2dH0cAodHongXFv7wU9Q,7501034,,58,,[]
WT Alpha Strike 30 VO LT BONUS EN,,War Thunder,UCZo-2yf3Pbda9e2ZH4Ollsg,1657972,,30,,[]
i cant bring myself to go back to school shopping bruh,,i,UCyZvr3E-yw5fOuxrkvHbXIA,489629,,8,,[]
Chinese Tone Twister (INSANE),,Kenan Heppe,UC24DnGsJm5Z3aWODhoHkvwA,70777911,,29,,[]
Writing vs Speaking in 5 Languages,,CiV,UCIPMz0rX4ObgLvsH6MCnHLA,12864020,,5,,[]
Bro is ğŸ’€ #trollface,,Last Warning,UCJDcdX8QYXFylte-eSgFNFw,8712375,,5,,[]
Reply to @max.isnt.a.girl more to come !! | noelgoescrazy #shorts,,Noel Robinson,UCQB0skuuxIbGjtsC0bCkCPg,364450170,,10,,[]
He literally threw herğŸ’€ğŸ˜­ #shorts #dancemoms #edit #fyp,,Woxx edits,UCDKGtz8EqEngHGsXs3aTDFw,2029882,,11,,[]
#fyp #trending #video #viral,,banofact,UCRHew2iOZjWheIZgJUTzu0w,439712,,7,,[]
Would Your Friends squint For Jesus...â‰ï¸ #shorts #Jesus #Faith #fypã‚·,,Katlin Sias,UCj1HiqkkyWGdffuyjeitm8Q,481293,,9,,[]
Choose a car for July ğŸš˜ #cars #automobile #shorts #money,,CarStatic,UCAe8jE6qIlKuMPcc3I0_iWg,27498,,12,,[]
WOW ğŸ˜¦ (via houstonkaybrown/IG),,SportsNation,UCQZi2YXSxc6BSK4mZHql8ag,19824869,,9,,[]
That man learnt a big lesson that dayâ€¦ğŸ˜…ğŸ¤·â€â™‚ï¸ #husband #wife,,Dax,UCvvVOIyaYu2l4jiH9L8_eRw,1672258,,15,,[]
everyone better blow this up and sub #subscribe #relatable #quotes #trend #shorts,,theylove.ben2024,UCKzVANQObuNxK8LuhQAy6Bw,952247,,5,,[]
VRC - Itinerary - Grand European Tour - :15 - 9x16- Paid,,Viking,UCv4oqMvUvdGryifXJ18UWvw,792460,,15,,[]
"Y'all pray for my son, nothing wrong with him but I ate his pop tart before his class picture and hi",,Enjoylifewithme,UCpN2_4s77RtHQbE-arnTW5A,1885100,,5,,[]
"1, 2, 3, 4, 5, 6, 7, 8, 9, 10 or 11?ğŸ¤”âš½ï¸",,Martijn Debbaut,UCTk4kNVjvMybkq2qUIS1LsQ,6995699,,7,,[]
Tell me when to stop ğŸ§€,,Adam W,UC_k6e2PPDUnxEdMJC9Q044g,374600366,,48,,[]
We Gotta Have FaithğŸ’¯ #motivation #jesusknows #bibleverse #godfearing,,IanTheGeneral Real Life,UCCNIaSuMiTyIXtBazGbkbzg,5,,23,,[]
jesus and the devil #jesus #devil #jesuslovesyou,,Nazar family,UCQT1rwXSGDsMb1_iI5_W4Pg,114942465,,6,,[]
That BACKFIRED. ğŸ’€ #shorts,,MaxPreps,UCX5qMbq8Y9h9TOdFhKUhkrw,56437545,,20,,[]
Such Affordable Gifts! ğŸ¤© #legosets #carenthusiast #cartok #carlover #legocars #cars #carshorts,,Buildables,UCsDKJjcN8gFWeFzI2IVDrIA,120,,11,,[]
put your name first letter |part 4| #music #beats #instrumental #spedup #shorts,,Troll Editz,UCitTfNYbS_Z0qxsy2atFntA,3327203,,6,,[]
Be kind #car #corvette #funny #c8 #ferrari #foryou #mycar #prank #corvettec8 #lamborghini #shorts,,Eidan Sanker / Donâ€™t Touch My Car,UCs-S2wp4ID5G-L8lEVa8OWQ,366344104,,27,,[]
How did I say it? ğŸ˜³ #viral #shorts,,bananyar ğŸŒ,UCsjI5NNJpIGXcIfO-wODpLA,23975,,5,,[]
This kid is amazing ğŸ’¯,,D'Vo The Codex,UCqwOtXbM-7Q0wK8jbxwsUWQ,20639516,,21,,[]
Squint Your Eyes And See Him!,,Playerlifedoc,UC3EXXbvPB4RKBZr3_A-s3ew,1863954,,5,,[]
Maybe a little TOO much gel ğŸ˜‚,,Alyssa's Ways,UC2xBh2nwvOwBqnA1tEbPCZw,6411606,,12,,[]
Bro seen the sharkio and put on that my skin in the background,,Prvnci,UCN7txTraqv-FZUTFzhMqb6A,30448526,,8,,[]
EM 10004 Video NA RunEscape GunShot rolldoorV2 Nor TYDW F NA EN PC B,,Evony,UCASSvfMYkmGM9jFNamBZPFg,153699,,37,,[]
How to keep the spark in your relationship #shorts #couplegoals,,Subscribe Mami,UCEe_g1ZBiuJqGBFNt2fIHUQ,96573760,,11,,[]
ğŸ˜—âœŒï¸#sofimanassyan #relatable #crush,,Sofi Manassyan,UCZFBnnCCO65xMXOdtFz8CfA,30029795,,7,,[]
Ã–yle bir sihirbazlÄ±k yaptÄ±m ki kafayÄ± yedi ğŸ˜± heyecandan bayÄ±lacaktÄ± | bende Ã§ok ÅŸaÅŸÄ±rdÄ±m GARÄ°P OLAY,,YESÄ°M RESMÄ°Ä°,UC2P91XFzPTBpvTdrtWmVsoA,4575575,,13,,[]
SNO DMD 1011 v039B DrAyim 9x16 122923,,Sono Bello,UCQVR3qEw9_ub6yKrG1_-iqQ,1732148,,26,,[]
Excuse usâ€¦we are back: Gravity who? ğŸ˜…ğŸ˜ Who are you trying it with? ğŸ˜œğŸ‘‡ğŸ¼ #plankchallange,,fitness__kaykay,UCoNEdsEvbgRjmV1WywA9S0Q,38231406,,9,,[]
Evolution of Toothbrushes !?,,Dental Digest,UC7u9o8BHiJyH2_cef_nC7tQ,10596949,,12,,[]
Life as a KiD ğŸ’€ #TheManniiShow.com/series,,The Mannii Show,UC3iwxKMRg5l2aDG_8XK2nSQ,10554967,,10,,[]
7249 en 5,,PostFunny Plus,UCV9akg5t3E40cSWmyjmBuFw,659710,,19,,[]
The most satisfying part #varnish #artist #acrylicpainting #painting #canvasart #canvaspainting,,Karina Alexandria,UCTYSJ-Ey9VZN0eDFi8SRVGw,10242277,,8,,[]
